{
  "id": "82f8e171-1141-4481-b010-c0cbc29915d7",
  "name": "article",
  "isOverridable": true,
  "entries": [
    {
      "value": "ein",
      "synonyms": [
        "ein"
      ]
    },
    {
      "value": "eine",
      "synonyms": [
        "eine"
      ]
    },
    {
      "value": "der",
      "synonyms": [
        "der"
      ]
    },
    {
      "value": "die",
      "synonyms": [
        "die"
      ]
    },
    {
      "value": "das",
      "synonyms": [
        "das"
      ]
    },
    {
      "value": "so ein",
      "synonyms": [
        "so ein"
      ]
    },
    {
      "value": "so eine",
      "synonyms": [
        "so eine"
      ]
    },
    {
      "value": "so was wie",
      "synonyms": [
        "so was wie"
      ]
    },
    {
      "value": "den",
      "synonyms": [
        "den"
      ]
    },
    {
      "value": "dem",
      "synonyms": [
        "dem"
      ]
    },
    {
      "value": "einem",
      "synonyms": [
        "einem"
      ]
    },
    {
      "value": "einen",
      "synonyms": [
        "einen"
      ]
    },
    {
      "value": "eines",
      "synonyms": [
        "eines"
      ]
    },
    {
      "value": "einer",
      "synonyms": [
        "einer"
      ]
    },
    {
      "value": "so einen",
      "synonyms": [
        "so einen"
      ]
    },
    {
      "value": "dessen",
      "synonyms": [
        "dessen"
      ]
    }
  ],
  "isEnum": false,
  "automatedExpansion": false
}